ndsi,smi,savi,bsi
-0.14593467,0.14593467,0.19061683,39758.73438
-0.13416049,0.13416049,0.25836658,42058.74609
-0.17313218,0.17313218,0.07136557,36285.70703
-0.17349689,0.17349689,0.25746295,41132.69141
-0.07849101,0.07849101,0.29965064,45136.82813
-0.06433935,0.06433935,0.25941086,44641.85156
-0.1088166,0.1088166,0.14557041,39797.78906
-0.12873551,0.12873551,0.10511649,38077.76172
-0.11287715,0.11287715,0.23045775,42075.78125
-0.14332418,0.14332418,0.0691451,36755.74219
-0.16334805,0.16334805,0.2677117,41911.70703
-0.03969557,0.03969557,0.238663,45172.89063
-0.07268065,0.07268065,0.23536213,43854.84375
-0.14287341,0.14287341,0.08036206,37296.74609
-0.15346594,0.15346594,0.04738417,36253.73438
-0.11889874,0.11889874,0.17250706,40535.77734
-0.09260742,0.09260742,0.21759702,42389.8125
-0.08791716,0.08791716,0.1762695,41696.82422
-0.10440381,0.10440381,0.18202487,41456.80469
-0.07118102,0.07118102,0.19138935,42586.84766
-0.0627283,0.0627283,0.16559474,42450.85938
-0.13106731,0.13106731,0.24429314,42403.81641
-0.0854102,0.0854102,0.21962015,44060.8125
-0.09016495,0.09016495,0.27217132,44494.83203
-0.08179808,0.08179808,0.26088986,43768.82422
-0.08380029,0.08380029,0.24430983,39614.79297
-0.10451366,0.10451366,0.14443751,37498.75391
-0.13437359,0.13437359,0.0871705,40273.75781
-0.13344122,0.13344122,0.17664127,39778.77734
-0.11758242,0.11758242,0.15773876,37614.76563
-0.12638009,0.12638009,0.07978097,40436.8125
-0.08884578,0.08884578,0.15860234,43310.82813
-0.08743476,0.08743476,0.22198948,38842.8125
-0.09220382,0.09220382,0.09301192,38406.78516
-0.12258698,0.12258698,0.07610055,40251.83203
-0.08082912,0.08082912,0.1181114,42480.86719
-0.05579746,0.05579746,0.16626915,42580.88281
-0.0445746,0.0445746,0.16141649,41217.85156
-0.0610311,0.0610311,0.15699251,45002.84766
-0.0645755,0.0645755,0.2707127,45093.88281
-0.04155169,0.04155169,0.24924441,45262.85547
-0.06094414,0.06094414,0.26997548,45158.83203
-0.07925908,0.07925908,0.28536987,45206.85156
-0.06697937,0.06697937,0.2729134,42806.80078
-0.10615702,0.10615702,0.2281692,41020.78906
-0.11007048,0.11007048,0.18607658,41072.80859
-0.09480036,0.09480036,0.17981049,40243.78125
-0.11242028,0.11242028,0.17613401,38927.74219
-0.14060719,0.14060719,0.15392514,41586.84375
-0.06027184,0.06027184,0.18543127,40390.75
-0.14142691,0.14142691,0.18971679,35831.73438
-0.15218867,0.15218867,0.03067501,36244.6875
-0.18923788,0.18923788,0.07709257,39983.78516
-0.10943878,0.10943878,0.1697387,43021.84766
-0.06374122,0.06374122,0.21376179,43912.89063
-0.03730242,0.03730242,0.20161793,42919.85156
-0.0691487,0.0691487,0.1960534,42537.85547
-0.0578673,0.0578673,0.19739173,42398.84375
-0.06618724,0.06618724,0.20162947,44881.90234
-0.02351624,0.02351624,0.24641176,44352.89453
-0.03569949,0.03569949,0.21060672,40495.78906
-0.1121432,0.1121432,0.17185038,43321.81641
-0.08897163,0.08897163,0.24120156,42683.83594
-0.07589128,0.07589128,0.20644288,45214.89844
-0.028124,0.028124,0.2360983,45617.875
-0.04706575,0.04706575,0.26383653,45226.87891
-0.04902039,0.04902039,0.24595727,41711.83984
-0.07960985,0.07960985,0.15972866,37305.75
-0.15345387,0.15345387,0.0533805,37272.69922
-0.1894258,0.1894258,0.09040737,40221.72266
-0.15779708,0.15779708,0.20228268,43155.78516
-0.11304871,0.11304871,0.25870377,42749.83203
-0.07349861,0.07349861,0.22336923,37498.70703
-0.17385943,0.17385943,0.11421965,35330.72266
-0.16418481,0.16418481,0.01699881,38139.73047
-0.15256993,0.15256993,0.12423278,42542.83203
-0.07490423,0.07490423,0.21586728,42258.80078
-0.10054894,0.10054894,0.22206187,42436.82813
-0.0748155,0.0748155,0.21692275,41451.79297
-0.10306612,0.10306612,0.20473845,41320.80859
-0.09364998,0.09364998,0.19495364,42093.8125
-0.09107199,0.09107199,0.21835242,43799.89453
-0.02985702,0.02985702,0.2060606,43272.88672
-0.03670477,0.03670477,0.18934052,42112.83984
-0.07169879,0.07169879,0.19293794,42156.79297
-0.10403284,0.10403284,0.23215827,42955.77734
-0.11212991,0.11212991,0.27504617,43205.78906
-0.10201131,0.10201131,0.27053493,42302.77734
-0.11507007,0.11507007,0.24955495,42367.78125
-0.11046537,0.11046537,0.25152194,39711.80859
-0.09235014,0.09235014,0.13745394,36802.73047
-0.16005632,0.16005632,0.06663498,42706.84766
-0.07245862,0.07245862,0.18855226,45251.84375
-0.0717065,0.0717065,0.27726445,44494.80859
-0.09489111,0.09489111,0.28291756,42011.82813
-0.08765195,0.08765195,0.17944255,38584.75391
-0.14671689,0.14671689,0.10581585,39124.73438
-0.15920579,0.15920579,0.14057083,41206.73438
-0.15047885,0.15047885,0.22627755,43555.76953
-0.12398933,0.12398933,0.27367461,43614.85547
-0.05594612,0.05594612,0.23639217,37671.74609
-0.14024593,0.14024593,0.10518519,35949.74219
-0.14535666,0.14535666,0.03568011,40402.75391
-0.136132,0.136132,0.18870375,42860.85938
-0.05730923,0.05730923,0.19790959,42300.83984
-0.06782997,0.06782997,0.19542517,42151.82813
-0.08320563,0.08320563,0.19557396,40430.75781
-0.13290498,0.13290498,0.19297317,41794.78516
-0.10860777,0.10860777,0.22074687,40258.81641
-0.0859662,0.0859662,0.14587612,41005.77344
-0.12204799,0.12204799,0.19766085,45180.96094
0.01911287,-0.01911287,0.19497335,45433.95703
0.01012608,-0.01012608,0.18826367,44200.88672
-0.03669649,0.03669649,0.22232161,43062.78906
-0.10594916,0.10594916,0.25670168,44829.89063
-0.03542433,0.03542433,0.23734327,44903.91406
-0.01511792,0.01511792,0.22473116,46354.91406
-0.0199701,0.0199701,0.25426859,45934.98438
0.03378087,-0.03378087,0.18929215,43238.95703
0.01675929,-0.01675929,0.135087,42996.94531
0.00643342,-0.00643342,0.12652384,43963.98047
0.03204392,-0.03204392,0.12308827,41689.79688
-0.1022373,0.1022373,0.20365165,39754.80078
-0.10292262,0.10292262,0.12848732,43330.84766
-0.06962542,0.06962542,0.21617332,44866.80859
-0.0955332,0.0955332,0.28587672,43588.82422
-0.08169562,0.08169562,0.24670716,42941.78906
-0.10481537,0.10481537,0.25563309,41917.75
-0.13939284,0.13939284,0.2409844,42551.78516
-0.11343297,0.11343297,0.24026735,43567.83594
-0.0761581,0.0761581,0.23137407,41793.79688
-0.10088399,0.10088399,0.21007432,42185.8125
-0.09659398,0.09659398,0.20415878,41407.77344
-0.11894761,0.11894761,0.2177425,39924.72656
-0.15228452,0.15228452,0.19452314,41385.80078
-0.09960974,0.09960974,0.19298539,40576.85156
-0.06311579,0.06311579,0.11995541,42126.83984
-0.07394159,0.07394159,0.1836358,40703.8125
-0.08794726,0.08794726,0.16997042,41354.76563
-0.12260926,0.12260926,0.22315456,43146.82031
-0.09101936,0.09101936,0.22602974,38700.78516
-0.11868214,0.11868214,0.09194002,40887.76953
-0.12405836,0.12405836,0.18817577,46632.00391
0.04733,-0.04733,0.18121624,47249.01953
0.05723323,-0.05723323,0.18273258,46802.99609
0.0383704,-0.0383704,0.18955214,45804.94141
0.00086526,-0.00086526,0.21393393,45468.96094
0.01157091,-0.01157091,0.17664297,45351.96875
0.01963783,-0.01963783,0.17367011,46344.94141
-0.00909939,0.00909939,0.21136048,44968.94531
0.00559747,-0.00559747,0.18974429,43392.95703
0.01883207,-0.01883207,0.136832,42849.94531
0.00571631,-0.00571631,0.12421281,43959.97656
0.02543131,-0.02543131,0.1254707,44150.96875
0.02342797,-0.02342797,0.14448616,44816.98828
0.03977435,-0.03977435,0.15352307,44006.97656
0.03230438,-0.03230438,0.13669801,42111.9375
0.00287448,-0.00287448,0.10927567,41737.9375
0.00324675,-0.00324675,0.09745038,45394.90234
-0.03354156,0.03354156,0.23365442,45102.89453
-0.03373484,0.03373484,0.24116471,43817.89844
-0.03038007,0.03038007,0.19046736,43899.83984
-0.07226849,0.07226849,0.24209668,42698.76172
-0.13228631,0.13228631,0.24723372,41014.79297
-0.11248986,0.11248986,0.17000598,42558.76563
-0.1298518,0.1298518,0.24749301,39259.74609
-0.14887016,0.14887016,0.14277264,39187.78516
-0.11625253,0.11625253,0.1183785,42102.78516
-0.11902164,0.11902164,0.20748261,37768.77734
-0.11361876,0.11361876,0.08427983,37208.73828
-0.14836727,0.14836727,0.08961336,41454.76953
-0.11799532,0.11799532,0.22651137,42100.73047
-0.15123346,0.15123346,0.26276773,37807.76563
-0.12745748,0.12745748,0.09159889,37891.75391
-0.13533959,0.13533959,0.10748933,41559.73047
-0.15503448,0.15503448,0.23830062,39744.75781
-0.13547479,0.13547479,0.15811495,43819.84766
-0.06834336,0.06834336,0.23242174,47137.93359
-0.00582568,0.00582568,0.25831792,42819.85156
-0.06602736,0.06602736,0.19555026,41681.83203
-0.07658947,0.07658947,0.17588758,44607.92578
-0.01226741,0.01226741,0.19289993,45272.96484
0.01841925,-0.01841925,0.17788495,46276.98828
0.03634031,-0.03634031,0.18505765,45900.96484
0.01439646,-0.01439646,0.18590596,42657.92188
-0.01218966,0.01218966,0.12910827,42922.90234
-0.02944171,0.02944171,0.15172969,43881.84766
-0.06803951,0.06803951,0.23150818,44552.84375
-0.06992438,0.06992438,0.26503924,43925.9375
0.00054975,-0.00054975,0.16498767,42667.95313
0.01322645,-0.01322645,0.11878729,43219.95703
0.01633758,-0.01633758,0.12435981,44272.96484
0.01856653,-0.01856653,0.15358964,45404.97656
0.02416894,-0.02416894,0.17043503,44761.96875
0.02004033,-0.02004033,0.15712199,43385.94922
0.0045674,-0.0045674,0.12936988,43048.94531
0.00251024,-0.00251024,0.12590626,43771.96094
0.01444554,-0.01444554,0.13125221,45739.98438
0.02629048,-0.02629048,0.15233605,45831.00781
0.04927029,-0.04927029,0.14655311,45362
0.04717286,-0.04717286,0.14365667,45384.00391
0.04780684,-0.04780684,0.14746223,46205.94922
-0.00015584,0.00015584,0.20895556,44410.90234
-0.03198436,0.03198436,0.19580817,43157.88281
-0.04693646,0.04693646,0.17594385,43362.87891
-0.04417014,0.04417014,0.19538651,42256.82813
-0.08323585,0.08323585,0.19477229,42852.88281
-0.03642341,0.03642341,0.1819475,43383.83984
-0.07519602,0.07519602,0.22443137,39540.74609
-0.1467264,0.1467264,0.15333611,40199.83594
-0.07636795,0.07636795,0.12329482,41100.78125
-0.11766098,0.11766098,0.18605924,37423.73438
-0.15019096,0.15019096,0.09992447,38189.74609
-0.13884404,0.13884404,0.12600845,41281.77344
-0.11245388,0.11245388,0.224269,40753.73828
-0.14075194,0.14075194,0.22554833,38399.71094
-0.16671087,0.16671087,0.15748625,38542.70313
-0.17156398,0.17156398,0.1660967,39575.71484
-0.16040376,0.16040376,0.19784077,41133.73828
-0.14359166,0.14359166,0.22497709,47054.95313
0.00838951,-0.00838951,0.24497463,48923.99219
0.03036538,-0.03036538,0.24501522,42458.82422
-0.08670727,0.08670727,0.19614606,40674.77734
-0.11777384,0.11777384,0.1862672,44299.91016
-0.02068966,0.02068966,0.19902723,44969.94141
-0.00044903,0.00044903,0.18277527,45432.95313
0.00963499,-0.00963499,0.19292012,42355.86328
-0.06407979,0.06407979,0.15201867,37446.73828
-0.16304787,0.16304787,0.06259833,38340.72266
-0.16963603,0.16963603,0.11054255,41563.74219
-0.1421483,0.1421483,0.23320396,44044.82031
-0.0854676,0.0854676,0.2604627,44080.92578
-0.00894996,0.00894996,0.17767064,42826.92188
-0.01386489,0.01386489,0.14149792,43186.94141
0.00122228,-0.00122228,0.13904344,44066.95703
0.01380388,-0.01380388,0.15039913,44060.94922
0.00530839,-0.00530839,0.1583901,44590.96484
0.02051452,-0.02051452,0.15762581,44954.97266
0.02291012,-0.02291012,0.16044785,45156.96875
0.01862598,-0.01862598,0.16579038,44775.96875
0.01794628,-0.01794628,0.15137009,44444.96875
0.01528924,-0.01528924,0.14024234,44829.96875
0.01370994,-0.01370994,0.14815411,45307.97266
0.0179374,-0.0179374,0.15986495,45609.97266
0.01800576,-0.01800576,0.1686119,44544.96094
0.01317325,-0.01317325,0.14769959,44042.94141
-0.00225714,0.00225714,0.14465746,42758.86719
-0.05864541,0.05864541,0.16787878,42598.85156
-0.06860726,0.06860726,0.17475729,42619.87109
-0.05950287,0.05950287,0.1520786,45285.93359
-0.01203749,0.01203749,0.19108151,44734.92969
-0.00908008,0.00908008,0.1861141,43240.875
-0.05208651,0.05208651,0.18307538,43243.85156
-0.06673018,0.06673018,0.20390566,42210.82813
-0.08295491,0.08295491,0.19730815,40680.75391
-0.14511745,0.14511745,0.17649984,44227.86328
-0.06132822,0.06132822,0.22369578,43363.8125
-0.09531751,0.09531751,0.24315496,43271.82422
-0.08480687,0.08480687,0.23312688,43029.83203
-0.07864002,0.07864002,0.22718352,41854.8125
-0.08897731,0.08897731,0.21259451,41779.81641
-0.08856595,0.08856595,0.19472574,42177.80859
-0.0910961,0.0910961,0.218648,42232.76563
-0.11978845,0.11978845,0.26345864,41602.74609
-0.13451512,0.13451512,0.25188434,39085.71875
-0.15829442,0.15829442,0.17404523,40982.81641
-0.08009367,0.08009367,0.18788885,43439.83594
-0.07702171,0.07702171,0.22675255,49947.02734
0.05181202,-0.05181202,0.20804596,49190.01172
0.04479307,-0.04479307,0.21844071,42319.78516
-0.11630201,0.11630201,0.22208646,42407.80078
-0.10154936,0.10154936,0.23085484,43640.86328
-0.05695961,0.05695961,0.21534431,42920.83203
-0.08474427,0.08474427,0.20305632,44607.93359
-0.00865532,0.00865532,0.17717539,40793.82813
-0.08687381,0.08687381,0.12452307,36799.73438
-0.16441791,0.16441791,0.03962636,37717.69922
-0.18655878,0.18655878,0.10626537,41141.76563
-0.12401105,0.12401105,0.20978424,43018.83203
-0.07662321,0.07662321,0.22594607,43546.89063
-0.03540202,0.03540202,0.18677124,42815.91016
-0.02080284,0.02080284,0.14636239,43397.95313
0.01426651,-0.01426651,0.13241737,42861.9375
-0.00101991,0.00101991,0.12824273,42789.91797
-0.01737392,0.01737392,0.13964146,44461.94141
-0.00170386,0.00170386,0.1715633,44514.92578
-0.0119545,0.0119545,0.18631528,44903.94141
-0.00146771,0.00146771,0.18685192,44895.96484
0.01627546,-0.01627546,0.16669361,43968.95313
0.00699716,-0.00699716,0.14908801,43247.94922
0.0091951,-0.0091951,0.13215764,43022.91797
-0.01758551,0.01758551,0.14739864,43973.95313
0.00999746,-0.00999746,0.14871252,43010.92188
-0.01701657,0.01701657,0.13670959,43432.93359
-0.00730562,0.00730562,0.13973242,42888.90234
-0.03101291,0.03101291,0.14878319,42686.88281
-0.04571889,0.04571889,0.15458299,43395.86719
-0.05724694,0.05724694,0.18869057,43550.85938
-0.06279778,0.06279778,0.20280586,44118.87891
-0.04932472,0.04932472,0.20770858,43635.91797
-0.01479265,0.01479265,0.17083929,42485.89453
-0.03028947,0.03028947,0.15541658,43444.85938
-0.06184815,0.06184815,0.20753676,44919.90625
-0.0320919,0.0320919,0.20212598,46386.91406
-0.02049573,0.02049573,0.25303265,45332.87109
-0.06022937,0.06022937,0.23832482,44048.85156
-0.06891655,0.06891655,0.23285259,39657.79688
-0.10832869,0.10832869,0.129126,37543.71094
-0.17943206,0.17943206,0.09835186,44350.87109
-0.05421039,0.05421039,0.22913231,44151.8125
-0.09117173,0.09117173,0.27055383,43910.83594
-0.07593512,0.07593512,0.25165758,41095.77734
-0.1207124,0.1207124,0.19576532,42017.78125
-0.11392746,0.11392746,0.23174736,41385.78906
-0.10690372,0.10690372,0.20993936,41794.78906
-0.11002956,0.11002956,0.21713535,41836.78906
-0.10513756,0.10513756,0.23186019,40324.71094
-0.16091512,0.16091512,0.22849032,41309.77734
-0.1129507,0.1129507,0.22634645,42598.80859
-0.09031385,0.09031385,0.24078333,42813.77344
-0.12253962,0.12253962,0.25519165,44862.90234
-0.02578052,0.02578052,0.21962839,46251.96484
0.0152755,-0.0152755,0.19710775,42172.81641
-0.08634798,0.08634798,0.21607685,41418.78516
-0.1096269,0.1096269,0.21417898,41633.82813
-0.07570632,0.07570632,0.19532169,38935.71875
-0.16030216,0.16030216,0.15746781,43839.89453
-0.03627518,0.03627518,0.17940383,42799.86328
-0.05802777,0.05802777,0.17051922,40474.82031
-0.09599328,0.09599328,0.12329569,40664.81641
-0.09419405,0.09419405,0.13513973,42781.875
-0.04767835,0.04767835,0.16504489,42841.875
-0.04582471,0.04582471,0.1806692,42659.80859
-0.09789716,0.09789716,0.21993586,41594.80859
-0.1023351,0.1023351,0.17895855,42906.91016
-0.02393405,0.02393405,0.14387704,43238.91797
-0.01925265,0.01925265,0.14776827,42991.92188
-0.0133298,0.0133298,0.14016622,43521.93359
-0.00630071,0.00630071,0.14954373,41721.81641
-0.0926735,0.0926735,0.18815282,41474.82031
-0.08898621,0.08898621,0.17355195,41840.82813
-0.08550425,0.08550425,0.17702591,43020.84375
-0.07444668,0.07444668,0.20039687,43254.91016
-0.02350232,0.02350232,0.16391629,42244.90234
-0.03009638,0.03009638,0.13359448,42055.91406
-0.01513908,0.01513908,0.12805012,42113.85547
-0.06298212,0.06298212,0.17065634,43719.92969
-0.01114827,0.01114827,0.15379041,44150.96484
0.01517206,-0.01517206,0.1337911,43384.95313
0.00786232,-0.00786232,0.12203947,45006.95703
0.00756144,-0.00756144,0.157436,45727.96875
0.01751314,-0.01751314,0.17788602,44218.88281
-0.04604082,0.04604082,0.21026412,43238.85938
-0.06196303,0.06196303,0.19729999,43691.87891
-0.04953283,0.04953283,0.19701533,44118.90625
-0.02677933,0.02677933,0.18619262,43996.91016
-0.02535926,0.02535926,0.18043914,42543.89063
-0.03895289,0.03895289,0.1535992,43804.85547
-0.06233153,0.06233153,0.22735055,43058.85547
-0.06017615,0.06017615,0.20713504,42239.82031
-0.08885488,0.08885488,0.19825427,45532.92969
-0.0744663,0.0744663,0.22639598,45853.94531
-0.01487524,0.01487524,0.20258939,44708.90234
0.00469778,-0.00469778,0.21659577,44442.86719
-0.03117976,0.03117976,0.2147274,42773.88281
-0.05620474,0.05620474,0.23421983,43169.85547
-0.03975024,0.03975024,0.18075201,45174.83203
-0.06376173,0.06376173,0.20975474,41889.73047
-0.08265647,0.08265647,0.2801964,42410.75
-0.14930901,0.14930901,0.25277224,42622.80078
-0.1361548,0.1361548,0.25989372,42929.82422
-0.10001759,0.10001759,0.23150948,41150.79688
-0.08232949,0.08232949,0.23273291,41915.78516
-0.09873725,0.09873725,0.20178498,41711.76172
-0.11076035,0.11076035,0.22865832,41903.74219
-0.12483621,0.12483621,0.24561198,41750.71875
-0.13597569,0.13597569,0.26606461,42493.76563
-0.15339963,0.15339963,0.27179098,42419.74609
-0.1179389,0.1179389,0.27353692,41412.75
-0.13391487,0.13391487,0.27282697,41665.80078
-0.13480572,0.13480572,0.24097289,38482.76172
-0.10140005,0.10140005,0.20113435,37236.72266
-0.12869288,0.12869288,0.12516257,42388.8125
-0.16320845,0.16320845,0.09717705,42198.87109
-0.08972485,0.08972485,0.22395383,42908.86719
-0.04367652,0.04367652,0.18505955,43301.89063
-0.05297288,0.05297288,0.1913576,43171.90625
-0.0391994,0.0391994,0.16363128,43226.92188
-0.02516194,0.02516194,0.14642259,42895.91016
-0.01397925,0.01397925,0.13906062,42285.84375
-0.02425515,0.02425515,0.1324901,42005.76953
-0.07058347,0.07058347,0.18572474,41842.77734
-0.1209405,0.1209405,0.23429115,43867.90234
-0.11596837,0.11596837,0.2220742,44940.95313
-0.03285095,0.03285095,0.16426413,43264.92969
0.00607204,-0.00607204,0.16592936,42642.91797
-0.00971299,0.00971299,0.13851616,42514.80469
-0.0175721,0.0175721,0.13553719,40406.75781
-0.10230201,0.10230201,0.21669319,38975.76953
-0.13266,0.13266,0.18466982,40032.79297
-0.12754622,0.12754622,0.12600738,42652.84375
-0.10892265,0.10892265,0.15372315,42765.91406
-0.07509425,0.07509425,0.19353937,42528.89453
-0.02433362,0.02433362,0.13520706,43087.875
-0.03963689,0.03963689,0.14654456,44189.95313
-0.05403515,0.05403515,0.18107235,45114.98828
0.00994941,-0.00994941,0.14815074,45795.98438
0.03236365,-0.03236365,0.14099036,47240
0.0264157,-0.0264157,0.15659919,46027.98828
0.03223599,-0.03223599,0.17825046,44274.94141
0.03130799,-0.03130799,0.16518493,44967.92969
-0.00129789,0.00129789,0.16591981,45655.97266
-0.01203836,0.01203836,0.18975267,44261.95313
0.01750871,-0.01750871,0.1662703,44178.9375
0.00730173,-0.00730173,0.14375567,43391.91797
-0.00619443,0.00619443,0.16119008,43922.86328
-0.01832642,0.01832642,0.16235095,43308.89453
-0.06125548,0.06125548,0.21377479,42729.83203
-0.03328722,0.03328722,0.18008013,42595.78516
-0.07753846,0.07753846,0.2113089,44592.96094
-0.11235756,0.11235756,0.23408991,44286.94531
0.01180199,-0.01180199,0.14768803,43567.89453
0.00435438,-0.00435438,0.16239077,43106.81641
-0.0358446,0.0358446,0.18098223,44220.85547
-0.09119986,0.09119986,0.23305036,44704.89844
-0.06962975,0.06962975,0.22699428,43969.88672
-0.03681861,0.03681861,0.21393271,42832.79688
-0.04563475,0.04563475,0.2003292,41887.80469
-0.10791367,0.10791367,0.240326,42938.85547
-0.10340716,0.10340716,0.19085096,45104.88281
-0.07005416,0.07005416,0.18794712,43552.82813
-0.04907703,0.04907703,0.23030801,41156.75781
-0.08122492,0.08122492,0.24801402,42574.78125
-0.12830311,0.12830311,0.21961787,43360.84766
-0.11458242,0.11458242,0.24432458,42893.85938
-0.06992164,0.06992164,0.21150623,42092.81641
-0.05872011,0.05872011,0.18943308,41787.8125
-0.08978217,0.08978217,0.21129841,42152.76172
-0.09377283,0.09377283,0.19874264,42190.76172
-0.12483388,0.12483388,0.26006794,42066.76953
-0.12566513,0.12566513,0.25689173,43063.80859
-0.11679059,0.11679059,0.25047109,44377.8125
-0.09156255,0.09156255,0.25701889,43085.82031
-0.08729155,0.08729155,0.28213751,42193.76563
-0.08088236,0.08088236,0.25047886,37871.75781
-0.12827401,0.12827401,0.23880494,37393.76953
-0.13019209,0.13019209,0.10765718,42654.80859
-0.12052593,0.12052593,0.08093967,42599.85547
-0.08989353,0.08989353,0.23967403,41868.80469
-0.05785051,0.05785051,0.20425713,42489.84375
-0.09241267,0.09241267,0.21673571,42401.80859
-0.0671725,0.0671725,0.19022597,42215.83984
-0.09441371,0.09441371,0.21356216,42320.87891
-0.0753282,0.0753282,0.18062401,42179.81641
-0.04830852,0.04830852,0.14362879,39780.75391
-0.08677723,0.08677723,0.21123579,39821.79297
-0.13134938,0.13134938,0.17242649,43635.88281
-0.10405432,0.10405432,0.1470318,43878.94922
-0.04764782,0.04764782,0.1760685,42905.9375
0.00572112,-0.00572112,0.14300497,43802.94141
-0.00013294,0.00013294,0.12678087,42931.85547
-0.00021332,0.00021332,0.15253401,38221.76172
-0.06723614,0.06723614,0.18670408,35420.69141
-0.13307984,0.13307984,0.10181986,37671.78516
-0.19606213,0.19606213,0.0233669,42038.85156
-0.11412618,0.11412618,0.07167424,42915.94141
-0.06880482,0.06880482,0.16568173,43356.95313
-0.00276638,0.00276638,0.11342698,44632.96094
0.00776282,-0.00776282,0.11576642,44022.95313
0.01162645,-0.01162645,0.14563242,43806.95703
0.00502038,-0.00502038,0.12562802,45789
0.00983437,-0.00983437,0.12332352,45994.00391
0.04343664,-0.04343664,0.15104298,43882.97656
0.04676003,-0.04676003,0.15259585,43888.96094
0.02772659,-0.02772659,0.11817987,45110.94922
0.01588933,-0.01588933,0.12941121,45111.96484
0.00057288,-0.00057288,0.16693588,43722.94531
0.01348305,-0.01348305,0.15291479,43628.92188
0.00411982,-0.00411982,0.14239544,44104.91016
-0.01429369,0.01429369,0.1607281,44472.90234
-0.02165626,0.02165626,0.19100553,43627.90625
-0.03196762,0.03196762,0.20676701,43647.90625
-0.02906101,0.02906101,0.16540864,44509.91016
-0.02604902,0.02604902,0.17607191,44746.94922
-0.02559438,0.02559438,0.19897714,44367.96094
0.00524338,-0.00524338,0.16563357,44205.95703
0.01758794,-0.01758794,0.14746846,45091.92969
0.01296405,-0.01296405,0.1485413,44711.89453
-0.01236971,0.01236971,0.19555324,43094.84375
-0.04178822,0.04178822,0.20963791,43477.80469
-0.07466319,0.07466319,0.20993431,43601.83203
-0.09930736,0.09930736,0.25286266,43499.85547
-0.07933681,0.07933681,0.23549464,45810.92578
-0.06146875,0.06146875,0.2137287,44516.875
-0.02113205,0.02113205,0.21500121,44321.84766
-0.05740081,0.05740081,0.21524061,41974.77344
-0.06876567,0.06876567,0.25285935,38383.73828
-0.12385009,0.12385009,0.22285515,42345.81641
-0.15915753,0.15915753,0.10927177,44651.87109
-0.09521243,0.09521243,0.20055322,42253.77344
-0.05648004,0.05648004,0.23039226,42142.77734
-0.12680231,0.12680231,0.22672938,43010.84766
-0.11761285,0.11761285,0.23638301,42701.83984
-0.06844305,0.06844305,0.20756118,44546.90234
-0.07867964,0.07867964,0.19088186,44116.87109
-0.02504612,0.02504612,0.2158688,42750.8125
-0.05037531,0.05037531,0.2229189,42545.77734
-0.09042414,0.09042414,0.22995815,41973.75
-0.11349411,0.11349411,0.2562533,42055.76953
-0.13241355,0.13241355,0.25473729,42323.79688
-0.12114695,0.12114695,0.24059261,43338.81641
-0.10299475,0.10299475,0.22964907,43567.82813
-0.08800613,0.08800613,0.24907029,42837.8125
-0.08583564,0.08583564,0.23760223,39527.73047
-0.09553186,0.09553186,0.21327667,40591.76563
-0.15028408,0.15028408,0.18154201,41774.76563
-0.11963453,0.11963453,0.2053345,41612.76563
-0.12106571,0.12106571,0.24249585,42744.84375
-0.12045123,0.12045123,0.23610948,42713.85156
-0.06787646,0.06787646,0.21877414,42228.76172
-0.06196487,0.06196487,0.19442293,39691.71484
-0.12451725,0.12451725,0.25242695,40916.82422
-0.16419105,0.16419105,0.19154656,42583.83984
-0.08013672,0.08013672,0.16575152,40156.74609
-0.06914894,0.06914894,0.19946453,41396.8125
-0.13995285,0.13995285,0.18567106,44533.89844
-0.09333581,0.09333581,0.186106,44278.95703
-0.03568761,0.03568761,0.19804966,44101.95703
0.00953747,-0.00953747,0.14171466,45114.93359
0.00942755,-0.00942755,0.13821195,42786.83203
-0.00602775,0.00602775,0.19592644,37437.76953
-0.08166953,0.08166953,0.20485331,35606.72656
-0.1277393,0.1277393,0.06540755,38812.78906
-0.1651382,0.1651382,0.01189988,43099.875
-0.11372051,0.11372051,0.10292065,44291.96094
-0.05104895,0.05104895,0.18073384,43661.94922
0.01693206,-0.01693206,0.14503996,44584.97266
0.0048104,-0.0048104,0.12534504,46080.00781
0.0218118,-0.0218118,0.13583957,46734.02344
0.05092117,-0.05092117,0.14755335,46896.01953
0.0629322,-0.0629322,0.15126279,46202.99219
0.05583951,-0.05583951,0.15909961,45556.98438
0.03452343,-0.03452343,0.16332106,44824.91406
0.0293372,-0.0293372,0.15325916,45084.90625
-0.02821317,0.02821317,0.18629506,45279.95313
-0.03320614,0.03320614,0.20864195,44207.94922
0.00543214,-0.00543214,0.17284484,43309.91797
0.00492694,-0.00492694,0.15298343,42434.84375
-0.01523064,0.01523064,0.15312123,43372.89063
-0.07425809,0.07425809,0.18775931,44701.94141
-0.03757325,0.03757325,0.1838333,44118.91406
-0.00065952,0.00065952,0.17443384,45006.94141
-0.02533734,0.02533734,0.17172019,45601.96484
-0.00393088,0.00393088,0.17380817,44774.97656
0.0146275,-0.0146275,0.17249745,45112.97656
0.02824532,-0.02824532,0.14313684,46642.98828
0.02483383,-0.02483383,0.15441024,46592.98047
0.02675533,-0.02675533,0.17895018,44985.90625
0.01713886,-0.01713886,0.17690353,43897.83594
-0.03469954,0.03469954,0.20167841,43512.82422
-0.08219063,0.08219063,0.23602708,43811.85938
-0.08639979,0.08639979,0.23924541,44065.88672
-0.05991988,0.05991988,0.22321245,44102.875
-0.0389328,0.0389328,0.2098369,43748.82031
-0.05143766,0.05143766,0.21465135,42545.78516
-0.0886492,0.0886492,0.24753703,46893.98438
-0.11523835,0.11523835,0.23475869,45311.91016
0.02683691,-0.02683691,0.19119959,45151.89453
-0.0310714,0.0310714,0.21242842,44069.85156
-0.03927954,0.03927954,0.22986327,42716.80078
-0.06555323,0.06555323,0.23251341,45218.92578
-0.10987163,0.10987163,0.21811828,45338.92188
-0.01177984,0.01177984,0.20747676,42348.82422
-0.01749189,0.01749189,0.21362604,41507.75391
-0.08351158,0.08351158,0.20935954,42872.77734
-0.13151251,0.13151251,0.23160137,43231.78125
-0.11481658,0.11481658,0.25915211,43176.76172
-0.11164097,0.11164097,0.27243105,43570.79688
-0.12996189,0.12996189,0.27330151,43538.82422
-0.10721099,0.10721099,0.25594425,44010.85547
-0.08799251,0.08799251,0.23795283,42564.80469
-0.06619128,0.06619128,0.22558892,42464.82422
-0.10046148,0.10046148,0.21681242,42166.78125
-0.08158921,0.08158921,0.21307676,43039.8125
-0.11294643,0.11294643,0.23614754,43585.87891
-0.09197889,0.09197889,0.23541814,42938.86328
-0.0468362,0.0468362,0.19397298,40338.75391
-0.05509328,0.05509328,0.19153269,41646.78125
-0.13398851,0.13398851,0.18702503,42276.75
-0.11012693,0.11012693,0.2204873,43011.76563
-0.13122652,0.13122652,0.2647728,42956.82031
-0.11870365,0.11870365,0.27644029,43018.82031
-0.08506945,0.08506945,0.22985908,42353.78516
-0.08444791,0.08444791,0.23279618,38447.67969
-0.11068787,0.11068787,0.24049696,40447.77344
-0.19159852,0.19159852,0.1582666,42496.84766
-0.11905339,0.11905339,0.17735566,42505.85156
-0.06809494,0.06809494,0.19543284,44058.90234
-0.06695909,0.06695909,0.18149115,44506.89844
-0.03545979,0.03545979,0.17795037,44886.92969
-0.0357128,0.0357128,0.19112743,44758.94922
-0.01199591,0.01199591,0.18815307,45270.90234
0.00296883,-0.00296883,0.16880995,43582.82813
-0.02969031,0.02969031,0.23187043,41079.78516
-0.08191575,0.08191575,0.23985265,40166.80078
-0.11894022,0.11894022,0.18000142,41864.82031
-0.10716236,0.10716236,0.13821636,44475.89844
-0.09163529,0.09163529,0.18176675,45697.98438
-0.03405701,0.03405701,0.20175458,45197.97656
0.03368639,-0.03368639,0.16652551,45890.99219
0.02335647,-0.02335647,0.14739308,47214.02344
0.03189538,-0.03189538,0.1524328,47209.01953
0.05937916,-0.05937916,0.15811382,46851.01563
0.0556803,-0.0556803,0.16285044,46513
0.05404782,-0.05404782,0.16180079,46144.99609
0.03935662,-0.03935662,0.16841726,45217.97266
0.03982735,-0.03982735,0.16719279,45528.95703
0.02332184,-0.02332184,0.16160269,46247.97656
0.00833734,-0.00833734,0.18085468,45002.96484
0.02348666,-0.02348666,0.18321845,43796.94531
0.01347908,-0.01347908,0.15360595,43279.89453
0.00103102,-0.00103102,0.13952668,45480.98047
-0.04032821,0.04032821,0.16529657,45822.97266
0.03002642,-0.03002642,0.16767237,43908.91406
0.01945556,-0.01945556,0.17882906,45338.95313
-0.02833974,0.02833974,0.16532658,46748.98828
-0.00199195,0.00199195,0.1649517,44870.96094
0.0254388,-0.0254388,0.17442711,44964.95703
0.01309073,-0.01309073,0.15749083,46341.98828
0.00644103,-0.00644103,0.16286361,46445.98438
0.02817783,-0.02817783,0.16769269,45915.96094
0.02016998,-0.02016998,0.16564213,43888.85547
0.00739803,-0.00739803,0.18494393,43589.83594
-0.06784736,0.06784736,0.22162297,44507.88281
-0.07788902,0.07788902,0.23535572,43018.82813
-0.04212169,0.04212169,0.22695422,43316.82031
-0.08596101,0.08596101,0.21589525,43615.82031
-0.08710175,0.08710175,0.23788878,43482.87891
-0.08774751,0.08774751,0.24564898,42260.82422
-0.05018739,0.05018739,0.18806693,41550.77344
-0.08942942,0.08942942,0.18904647,41388.83203
-0.12487309,0.12487309,0.21171266,40808.84766
-0.08291811,0.08291811,0.15685005,41457.80859
-0.07333917,0.07333917,0.11850693,45069.94531
-0.09708287,0.09708287,0.18723658,45951.94531
-0.00614553,0.00614553,0.16864087,45249.92969
-0.00323446,0.00323446,0.1991449,45521.94531
-0.01253133,0.01253133,0.19471821,44322.89453
-0.00151866,0.00151866,0.19423099,44804.91797
-0.03586384,0.03586384,0.21138434,44363.91406
-0.01605542,0.01605542,0.20515627,42906.80469
-0.01936181,0.01936181,0.19168448,42633.72656
-0.09880942,0.09880942,0.2396753,44095.79297
-0.14842357,0.14842357,0.28737733,42962.76563
-0.1106244,0.1106244,0.28056887,42811.73828
-0.12252624,0.12252624,0.27150521,42314.78125
-0.13974419,0.13974419,0.29073727,41265.76953
-0.11228148,0.11228148,0.24511053,42674.83984
-0.12857009,0.12857009,0.20233527,42033.85547
-0.0742331,0.0742331,0.19919714,42330.84375
-0.0613214,0.0613214,0.16432373,42743.82031
-0.07247942,0.07247942,0.18386663,43944.80859
-0.08814216,0.08814216,0.2172555,44408.92188
-0.10097283,0.10097283,0.25476176,42352.85547
-0.01196737,0.01196737,0.19144076,42684.84375
-0.06085156,0.06085156,0.17431866,42314.80859
-0.07040884,0.07040884,0.19799481,43824.84375
-0.09511293,0.09511293,0.22037931,43807.83984
-0.0690304,0.0690304,0.2458065,41947.85938
-0.07426495,0.07426495,0.23134007,42270.84375
-0.05115055,0.05115055,0.17663667,42209.85156
-0.06979467,0.06979467,0.18408431,40735.78125
-0.06318397,0.06318397,0.18275559,41857.81641
-0.12023884,0.12023884,0.17390575,42588.8125
-0.08946285,0.08946285,0.19260907,42440.85547
-0.08904351,0.08904351,0.22590551,42616.89453
-0.06509889,0.06509889,0.17033653,38858.78906
-0.03611962,0.03611962,0.14015827,41317.80859
-0.12518822,0.12518822,0.07797693,44362.91406
-0.10010825,0.10010825,0.17211531,45488.94141
-0.02064086,0.02064086,0.19066657,44610.94141
-0.00115866,0.00115866,0.19884296,44361.93359
-0.00165645,0.00165645,0.17051497,44232.91406
-0.01129518,0.01129518,0.16947123,44765.92578
-0.0247643,0.0247643,0.18390673,45354.96875
-0.01292944,0.01292944,0.18926689,46089.00391
0.0164519,-0.0164519,0.16026357,45150.99609
0.04693797,-0.04693797,0.150455,45161.99219
0.03906538,-0.03906538,0.1301778,45941
0.03622176,-0.03622176,0.12730844,46058.99609
0.0378694,-0.0378694,0.14000408,46565.00781
0.03600954,-0.03600954,0.14895642,46413.00391
0.04420083,-0.04420083,0.1538375,44515.97656
0.04221935,-0.04221935,0.15727472,42899.9375
0.02409034,-0.02409034,0.13494641,44527.94922
-0.00428418,0.00428418,0.11527143,44787.96094
0.00446075,-0.00446075,0.15717888,44353.96484
0.00993953,-0.00993953,0.15164775,43977.96094
0.01747605,-0.01747605,0.14049239,44637.96094
0.01119754,-0.01119754,0.1299049,45475.98438
0.01210915,-0.01210915,0.15522154,46101.96875
0.03025913,-0.03025913,0.15863366,44242.93359
0.01361454,-0.01361454,0.18181005,44980.94922
-0.0108458,0.0108458,0.16484734,45637.94141
-0.00152044,0.00152044,0.16270608,45029.95313
-0.01560984,0.01560984,0.16907024,44527.93359
0.00045221,-0.00045221,0.15709126,45875.98438
-0.01258228,0.01258228,0.16968559,45873.97266
0.02487879,-0.02487879,0.16435662,45519.92188
0.01283687,-0.01283687,0.16590048,44442.87109
-0.02878074,0.02878074,0.19557285,43838.86328
-0.06327533,0.06327533,0.21093175,44652.87891
-0.0627778,0.0627778,0.21285789,45259.90625
-0.05114942,0.05114942,0.22391778,44282.82813
-0.03177029,0.03177029,0.21818425,44021.83984
-0.08228109,0.08228109,0.25617677,45543.97266
-0.07687794,0.07687794,0.23408708,43259.91406
0.02196264,-0.02196264,0.17184472,41788.79688
-0.0217325,0.0217325,0.1577125,41147.75781
-0.11043594,0.11043594,0.19355971,41357.84766
-0.13715336,0.13715336,0.20371981,40832.85938
-0.07254449,0.07254449,0.1426162,41058.80078
-0.06369551,0.06369551,0.11126363,40801.76953
-0.10570493,0.10570493,0.17411387,42263.85938
-0.12791809,0.12791809,0.18646735,42045.89453
-0.0580963,0.0580963,0.18495446,43603.94531
-0.0337058,0.0337058,0.1291398,45839.96484
0.009677,-0.009677,0.14620022,45800.94141
-0.00932551,0.00932551,0.18658905,45982.96094
0.01065098,-0.01065098,0.17748928,44775.94141
-0.00808218,0.00808218,0.19190592,43600.875
0.00915693,-0.00915693,0.18807577,43933.87109
-0.00250771,0.00250771,0.1770086,43159.84766
-0.05032225,0.05032225,0.20202883,41931.77344
-0.05252559,0.05252559,0.21858659,42852.74609
-0.06681611,0.06681611,0.21693684,43524.81641
-0.12048791,0.12048791,0.23109137,42818.77344
-0.13630089,0.13630089,0.28328708,42470.72656
-0.09286562,0.09286562,0.24966653,40656.78906
-0.11862051,0.11862051,0.2577064,38839.76172
-0.14955729,0.14955729,0.28100595,40713.83203
-0.11229223,0.11229223,0.16706496,42512.86719
-0.13524091,0.13524091,0.11829308,43117.85938
-0.07637278,0.07637278,0.14088866,42737.83594
-0.05049783,0.05049783,0.17426884,44125.87891
-0.05874691,0.05874691,0.20025566,46433.94922
-0.07493062,0.07493062,0.20571309,43517.83594
-0.04983417,0.04983417,0.20603552,40627.84766
-0.00310342,0.00310342,0.20814709,38846.78516
-0.07526698,0.07526698,0.22560154,41414.82031
-0.06716526,0.06716526,0.12745945,42850.88672
-0.11310025,0.11310025,0.10980532,41675.86328
-0.09162562,0.09162562,0.16437377,42541.86719
-0.04046448,0.04046448,0.16173938,42943.89453
-0.05676937,0.05676937,0.15606225,42931.89844
-0.05708626,0.05708626,0.15959477,42343.88672
-0.03204818,0.03204818,0.16693096,42632.875
-0.02919482,0.02919482,0.1576364,43007.85938
-0.04173304,0.04173304,0.13975978,40941.79297
-0.04880014,0.04880014,0.16157174,36983.72656
-0.06125325,0.06125325,0.18319172,39725.75391
-0.10889197,0.10889197,0.1717208,44317.84766
-0.1750591,0.1750591,0.05174432,45467.94531
-0.13526012,0.13526012,0.16130139,44765.98438
-0.06958102,0.06958102,0.24355088,44529.96094
0.00336646,-0.00336646,0.1907762,45749.97266
0.03600512,-0.03600512,0.13848099,45977.98047
0.01450121,-0.01450121,0.15176347,46013
0.01797843,-0.01797843,0.16688894,46336.01563
0.02527621,-0.02527621,0.1608993,44833.99219
0.04035946,-0.04035946,0.14482382,44686.97656
0.05286309,-0.05286309,0.14441894,45795.99219
0.03608741,-0.03608741,0.11845692,46553.00781
0.02282227,-0.02282227,0.12799145,46786.01953
0.0343277,-0.0343277,0.14281811,46182.00781
0.04631325,-0.04631325,0.15581253,44689.98828
0.05427136,-0.05427136,0.15295576,43826.9375
0.04588389,-0.04588389,0.14566813,43564.91016
0.03501849,-0.03501849,0.13116442,43334.92188
-0.00634703,0.00634703,0.14419506,44103.94922
-0.02706657,0.02706657,0.16667831,44102.96484
-0.01445752,0.01445752,0.15356308,44112.95703
0.0017774,-0.0017774,0.14889205,46459.99219
0.01745319,-0.01745319,0.13529646,46067.99219
0.00942435,-0.00942435,0.13662824,44908.96484
0.02967059,-0.02967059,0.17120823,45309.96875
0.02973433,-0.02973433,0.15707621,44310.90625
0.01313629,-0.01313629,0.15807986,44862.94141
0.01208827,-0.01208827,0.16110037,44283.89063
-0.03852328,0.03852328,0.16978697,44839.92578
-0.01138144,0.01138144,0.16767526,44618.92188
-0.04324978,0.04324978,0.20317288,43724.88672
-0.02010713,0.02010713,0.17941529,43655.88672
-0.02566876,0.02566876,0.1753913,43387.89844
-0.04886105,0.04886105,0.17856243,45980.89453
-0.04986018,0.04986018,0.1786312,46648.94922
-0.03789428,0.03789428,0.16313063,45413.90625
-0.04642181,0.04642181,0.22997242,44799.89844
-0.01015976,0.01015976,0.19883485,45787.97656
-0.03015537,0.03015537,0.22298425,44134.92578
-0.03821291,0.03821291,0.21196789,41809.8125
0.02096678,-0.02096678,0.17014682,40202.74219
-0.01473242,0.01473242,0.1777197,40761.76953
-0.10195027,0.10195027,0.17757557,41000.84375
-0.15464529,0.15464529,0.17279439,40575.85156
-0.12466008,0.12466008,0.19271918,41201.78516
-0.07816401,0.07816401,0.1329229,41725.75781
-0.0658835,0.0658835,0.11407042,42975.86328
-0.1140392,0.1140392,0.19384967,45736.94531
-0.13380796,0.13380796,0.23120341,43736.91016
-0.05872506,0.05872506,0.18039855,43466.94922
-0.00960065,0.00960065,0.16912304,43299.94141
-0.02488456,0.02488456,0.17193276,43086.94141
0.00704103,-0.00704103,0.13022383,42836.91797
0.00161523,-0.00161523,0.13419078,42944.89453
0.00096874,-0.00096874,0.12871192,44757.89844
-0.01594371,0.01594371,0.13401619,45435.92969
-0.03804203,0.03804203,0.1511319,45163.94531
-0.04107549,0.04107549,0.19306232,44372.91797
-0.01263994,0.01263994,0.19984733,43674.91016
-0.00154308,0.00154308,0.18056281,43321.87891
-0.02072019,0.02072019,0.17915474,42095.76953
-0.02812837,0.02812837,0.16141906,41795.76563
-0.05150159,0.05150159,0.17982365,44433.77344
-0.13010378,0.13010378,0.21985702,45277.83203
-0.12783326,0.12783326,0.22430103,45623.84375
-0.11941028,0.11941028,0.30133036,44392.82422
-0.07595386,0.07595386,0.29555163,42824.85938
-0.06864463,0.06864463,0.29604101,42300.87891
-0.08353397,0.08353397,0.27533486,43285.875
-0.05906763,0.05906763,0.18539681,43127.88672
-0.04503281,0.04503281,0.15440281,42702.85547
-0.05323741,0.05323741,0.17819512,41021.71484
-0.03669206,0.03669206,0.18079175,41746.82031
-0.06326874,0.06326874,0.18866378,45107.89844
-0.16181792,0.16181792,0.23351488,43275.85547
-0.08543037,0.08543037,0.18343759,37778.78906
-0.0308699,0.0308699,0.23239864,36601.72266
-0.06455521,0.06455521,0.20206609,40339.80469
-0.11361733,0.11361733,0.06504512,42087.85547
-0.16650763,0.16650763,0.05418863,42260.83594
-0.09776057,0.09776057,0.14881872,42123.86719
-0.05857304,0.05857304,0.17424116,41524.83984
-0.07373891,0.07373891,0.19784656,41907.83203
-0.05535258,0.05535258,0.15466501,42046.87109
-0.07337701,0.07337701,0.16619779,42355.89453
-0.08243925,0.08243925,0.17519335,43462.89844
-0.0529847,0.0529847,0.14430597,42142.83203
-0.0357369,0.0357369,0.14395806,39990.74609
-0.0332161,0.0332161,0.1635868,42230.76563
-0.08009631,0.08009631,0.18132529,44770.85156
-0.14459392,0.14459392,0.16874501,45456.9375
-0.12598285,0.12598285,0.24108315,44799.96094
-0.06776014,0.06776014,0.2533277,45557.96484
-0.00594425,0.00594425,0.19328451,47505.00781
0.01235694,-0.01235694,0.14852925,47524.01953
0.01263487,-0.01263487,0.17447792,47348.01953
0.03983102,-0.03983102,0.17546785,46548.01953
0.05142253,-0.05142253,0.16396774,45364
0.05327511,-0.05327511,0.16176046,45605.99219
0.05683636,-0.05683636,0.1456542,46974.01953
0.03976761,-0.03976761,0.12160015,47031.02344
0.03483996,-0.03483996,0.13631062,45942.99609
0.05745712,-0.05745712,0.15266696,45721.00391
0.05750307,-0.05750307,0.14925005,46268.99219
0.03579418,-0.03579418,0.14301921,45758.98828
0.04402617,-0.04402617,0.13906282,45413.97266
0.03264584,-0.03264584,0.16265671,44733.94922
0.03441675,-0.03441675,0.15804972,45040.96875
0.02005962,-0.02005962,0.16728726,44126.96875
0.00119612,-0.00119612,0.16799448,43881.96875
0.01648869,-0.01648869,0.15649478,45453.97656
0.0189463,-0.0189463,0.13206571,44936.98438
0.02329159,-0.02329159,0.12630755,44887.97656
0.02081397,-0.02081397,0.15468846,45130.96094
0.03262924,-0.03262924,0.14132987,45215.9375
0.02665074,-0.02665074,0.14416587,43979.91016
0.00812875,-0.00812875,0.16056897,43496.89063
-0.01692841,0.01692841,0.17352487,43751.91016
-0.03314023,0.03314023,0.16579291,43513.89844
-0.04160565,0.04160565,0.17920707,43237.90234
-0.02955285,0.02955285,0.16752607,43446.86328
-0.03847649,0.03847649,0.17015071,43386.87891
-0.03887916,0.03887916,0.15659398,45513.91016
-0.07046047,0.07046047,0.18280941,45665.94531
-0.0538595,0.0538595,0.18047713,45064.92578
-0.03489965,0.03489965,0.19998235,44659.89453
-0.007955,0.007955,0.1770014,44601.89453
-0.02224771,0.02224771,0.1796782,44266.89453
-0.04492293,0.04492293,0.19987451,42751.8125
-0.0423806,0.0423806,0.20029704,41478.77734
-0.04303819,0.04303819,0.19622736,41556.77344
-0.10004846,0.10004846,0.21661817,41230.79297
-0.12526183,0.12526183,0.19895987,40943.83594
-0.12241331,0.12241331,0.21701409,41055.84766
-0.10664115,0.10664115,0.19686091,41850.78516
-0.07719635,0.07719635,0.13940236,42906.78125
-0.06967606,0.06967606,0.12965712,44033.87891
-0.11451355,0.11451355,0.21258023,43273.91016
-0.11518005,0.11518005,0.24535468,42886.92578
-0.04775968,0.04775968,0.20250909,43231.91406
-0.02324369,0.02324369,0.16327299,43210.90234
-0.01026986,0.01026986,0.12973632,41650.83203
-0.01957707,0.01957707,0.15663448,41194.84375
-0.03043059,0.03043059,0.15531451,41722.89844
-0.0867215,0.0867215,0.14601675,43294.95703
-0.08557055,0.08557055,0.11313702,45254.98828
-0.02960127,0.02960127,0.11316476,44449.97656
0.01136214,-0.01136214,0.11594445,44051.91797
0.03263346,-0.03263346,0.14464916,45427.93359
0.02549504,-0.02549504,0.13575996,46239.95313
-0.02758797,0.02758797,0.1558665,45111.93359
-0.01417552,0.01417552,0.18619485,44515.92969
0.00019552,-0.00019552,0.19939296,44159.91797
-0.01071065,0.01071065,0.18485664,44285.92578
-0.01273302,0.01273302,0.17355429,42878.83203
-0.02173088,0.02173088,0.17207964,43777.83984
-0.01276418,0.01276418,0.17690265,45765.90234
-0.08066998,0.08066998,0.20463213,45964.91406
-0.07532402,0.07532402,0.23836194,46089.91016
-0.02943947,0.02943947,0.24181443,44498.84375
-0.02141053,0.02141053,0.2454129,44186.84766
-0.02288365,0.02288365,0.25252214,44137.88281
-0.07373007,0.07373007,0.24778682,43736.89063
-0.06703772,0.06703772,0.23956664,43767.90625
-0.04334741,0.04334741,0.21122512,44014.88672
-0.03943819,0.03943819,0.18210796,42517.79688
-0.0258948,0.0258948,0.17581473,41048.76172
-0.0402352,0.0402352,0.20445006,42775.82422
-0.10273128,0.10273128,0.23623794,43364.88281
-0.12655553,0.12655553,0.21047127,40732.80078
-0.08381896,0.08381896,0.21872756,40299.79688
-0.04348955,0.04348955,0.18409106,41375.82813
-0.10678484,0.10678484,0.1536866,40969.77734
-0.10782386,0.10782386,0.15037704,42838.86328
-0.08173637,0.08173637,0.17363599,42531.87109
-0.11878662,0.11878662,0.1958032,41916.84375
-0.05592134,0.05592134,0.19098386,42365.85156
-0.05144752,0.05144752,0.1669627,42715.84375
-0.06698804,0.06698804,0.18226142,42670.84766
-0.06280496,0.06280496,0.18685612,43290.86719
-0.06781305,0.06781305,0.20133474,42807.80859
-0.06456874,0.06456874,0.20074166,42406.80469
-0.05403303,0.05403303,0.19647039,43002.83594
-0.10128539,0.10128539,0.21361314,44816.92969
-0.09637912,0.09637912,0.22469112,45542.96875
-0.07855552,0.07855552,0.21052146,44911.96094
-0.00766362,0.00766362,0.18765014,45501.97266
0.01811609,-0.01811609,0.1697443,47441.00781
0.01267073,-0.01267073,0.15882963,47607.01953
0.02034731,-0.02034731,0.16306058,47379.01172
0.04150459,-0.04150459,0.17701474,46795.01172
0.05106191,-0.05106191,0.16732462,46399.01172
0.04584092,-0.04584092,0.1676652,46754.01172
0.05011062,-0.05011062,0.14860889,47563.02734
0.04637487,-0.04637487,0.1363975,46687.01563
0.04675881,-0.04675881,0.14638574,44610.98047
0.05970826,-0.05970826,0.15622018,45480.00781
0.0520813,-0.0520813,0.14108828,47415.01563
0.02504412,-0.02504412,0.11889201,46612.00781
0.04881213,-0.04881213,0.1268924,46393.00781
0.04694782,-0.04694782,0.16628022,46897.01172
0.04577957,-0.04577957,0.15651353,46752.00781
0.04456607,-0.04456607,0.15589783,45287.97656
0.04826685,-0.04826685,0.16214402,43836.94922
0.04282953,-0.04282953,0.16135526,44303.96484
0.01666056,-0.01666056,0.14935435,44573.97266
0.00038602,-0.00038602,0.13665411,45499.99609
0.01519936,-0.01519936,0.13795196,44414.95313
0.01864131,-0.01864131,0.14016217,43349.91797
0.03745771,-0.03745771,0.14715004,42993.90625
0.00193002,-0.00193002,0.14919233,42734.90625
-0.02411212,0.02411212,0.15253881,42835.90234
-0.03213277,0.03213277,0.14993297,42986.90234
-0.03053231,0.03053231,0.14663979,43216.89063
-0.0318206,0.0318206,0.15065579,43735.87109
-0.0361127,0.0361127,0.15494049,43386.84375
-0.04606098,0.04606098,0.16415764,43707.875
-0.06579681,0.06579681,0.18848167,43266.875
-0.08271068,0.08271068,0.19596724,43464.88281
-0.05710866,0.05710866,0.19437276,42960.82813
-0.05495464,0.05495464,0.1783195,43332.84766
-0.04820424,0.04820424,0.17740335,44105.85547
-0.09228601,0.09228601,0.19994976,43745.80469
-0.07380058,0.07380058,0.20649663,42962.77734
-0.07151556,0.07151556,0.2183214,42413.77734
-0.10330596,0.10330596,0.25573552,41863.78516
-0.11634122,0.11634122,0.26240218,41386.78125
-0.11582483,0.11582483,0.2438592,41389.84375
-0.11252826,0.11252826,0.22552435,41496.85547
-0.11451089,0.11451089,0.20673499,41583.79297
-0.07363847,0.07363847,0.14186309,42586.8125
-0.06801341,0.06801341,0.13300137,43216.86719
-0.10840371,0.10840371,0.1993821,42896.88281
-0.0940979,0.0940979,0.21985602,43346.90234
-0.05704742,0.05704742,0.19443221,43200.875
-0.04489507,0.04489507,0.16259246,43010.89453
-0.03217682,0.03217682,0.16666277,42361.90625
-0.05399947,0.05399947,0.16899548,41997.91406
-0.03788718,0.03788718,0.178528459,43943.96875
-0.02652363,0.02652363,0.178518059,46446.00391
-0.01692102,0.01692102,0.17850766,46190.99219
0.02189719,-0.02189719,0.17849726,44681.96484
0.03903222,-0.03903222,0.17848686,43228.94922
0.03099613,-0.03099613,0.17847646,42355.94141
0.01097804,-0.01097804,0.178466061,43528.96094
0.0043852,-0.0043852,0.178455661,45081.98828
0.00657268,-0.00657268,0.178445261,46433.97656
0.01764578,-0.01764578,0.178434862,45232.94531
0.03596235,-0.03596235,0.178424462,45502.93359
0.01819175,-0.01819175,0.178414062,45584.94531
-0.00406736,0.00406736,0.178403662,44601.91406
-0.01412077,0.01412077,0.178393263,44649.91016
-0.00319565,0.00319565,0.178382863,43708.875
-0.02501763,0.02501763,0.178372463,42749.78906
-0.02829799,0.02829799,0.178362063,44198.84766
-0.05021704,0.05021704,0.178351664,45719.9375
-0.11141329,0.11141329,0.178341264,46838.96875
-0.07220697,0.07220697,0.178330864,46563.97266
-0.0042735,0.0042735,0.178320465,43865.86328
0.01591411,-0.01591411,0.178310065,44858.92969
0.02159985,-0.02159985,0.178299665,44388.95313
-0.05963575,0.05963575,0.178289265,42656.87891
-0.01411,0.01411,0.178278866,43622.91016
0.00897802,-0.00897802,0.178268466,43813.91797
-0.04689526,0.04689526,0.178258066,43068.83984
-0.02283654,0.02283654,0.178247666,42066.78906
-0.0178503,0.0178503,0.178237267,41212.83203
-0.07538475,0.07538475,0.178226867,41387.84375
-0.11146267,0.11146267,0.178216467,43218.90234
-0.07685072,0.07685072,0.178206068,43337.87109
-0.07431478,0.07431478,0.178195668,43370.86328
-0.02857642,0.02857642,0.178185268,41600.78906
-0.05039513,0.05039513,0.178174868,42942.84375
-0.05305948,0.05305948,0.178164469,43814.88672
-0.1071609,0.1071609,0.178154069,42726.86719
-0.07184348,0.07184348,0.178143669,42089.8125
-0.04333745,0.04333745,0.178133269,43078.88672
-0.05479027,0.05479027,0.17812287,42713.84766
-0.09649561,0.09649561,0.19306618,42959.77344
-0.03814464,0.03814464,0.17940339,42325.74609
-0.07033395,0.07033395,0.19197647,44618.89063
-0.12369922,0.12369922,0.24905686,43712.89844
-0.14068983,0.14068983,0.24760169,44421.96484
-0.03911669,0.03911669,0.2169549,45280.97656
-0.03571429,0.03571429,0.17353709,45790.99219
0.01823976,-0.01823976,0.14170192,44643.94141
0.02527987,-0.02527987,0.15069972,46417.99219
0.03849848,-0.03849848,0.14832263,46782.00391
-0.00479426,0.00479426,0.15907578,46935.00391
0.03488417,-0.03488417,0.16699278,47054.01172
0.04384812,-0.04384812,0.16316557,47222.02344
0.03990746,-0.03990746,0.16310082,46735.00781
0.04510815,-0.04510815,0.15546808,46813.01563
0.05560445,-0.05560445,0.15091984,45974
0.0427611,-0.0427611,0.14178453,45408.98828
0.04993179,-0.04993179,0.13708107,47655.03516
0.03708747,-0.03708747,0.1353588,47931.02344
0.0310716,-0.0310716,0.13357317,46777.01172
0.0608676,-0.0608676,0.15231085,45779
0.05272172,-0.05272172,0.17117333,45898.00391
0.04577941,-0.04577941,0.15934792,46872.01563
0.03713188,-0.03713188,0.14521091,45979
0.04232741,-0.04232741,0.14927791,44630.98438
0.05068983,-0.05068983,0.16074669,44292.97656
0.04079933,-0.04079933,0.15192899,45228
0.03136178,-0.03136178,0.13424248,46103.01563
0.02896598,-0.02896598,0.1301152,43686.93359
0.04399805,-0.04399805,0.13824821,42906.89453
0.05270222,-0.05270222,0.14393368,42851.91016
-0.01067769,0.01067769,0.14714068,43212.91406
